{"PESSOA": {"ara\u00fajo medeiros": 1}, "TEMPO": {"06 de outubro": 1, "2014": 2, "fevereiro de 2015": 1, ".397/2012": 1, "1360": 1, "segunda": 1, "sexta": 1, "29 de dezembro de 2014": 1, "9 de fevereiro de 2015": 1, "06 de outubro de 2014": 1, "28 de novembro de 2013": 1, "26/12/2014": 16}, "LOCAL": {}, "ORGANIZACAO": {}, "JURISPRUDENCIA": {" n\u00ba 1500.028821/2014": 1, "4105-21336/2009": 1, "processo n\u00ba 1500.028821/2014": 1, "28 de outubro de 2014 n\u00ba 2000-18399/2014": 1, "secretaria de estado da mulher n\u00ba 4101-11930/2014 n\u00ba 5101-11977/2014 n\u00ba 2000-12403/2014 n\u00ba 4101-14813/2014 n\u00ba 4101-12992/2014": 1, "pls-002/2015": 1, "pls-004/2015": 1, "pls-006/2015": 1, "pls-007/2015": 1}, "LEGISLACAO": {"inciso | do artigo 65 da lei federal n\u00ba 8.666/93": 1, "lei estadual n\u00ba 6.582/2005": 1, "decreto estadual n\u00ba 2.750/2005": 1, "lei n\u00ba 7.397/2012": 1, "inciso i do artigo 65 da lei federal n\u00ba 8.666/93": 1, "30 de dezembro de 2014 n\u00ba 41010-13288/2014 n\u00ba 34000-479/2014 n\u00ba 20106-1249/2014": 1, "decreto estadual n\u00ba 29.342/2013": 1, "decreto estadual n.\u00ba 29.342": 1}}