{"PESSOA": {"lino": 1, "fernando ant\u00f4nio macedo": 4, "rocha barros": 3, "marcos andr\u00e9 vasconcelos de lima": 1, "silva": 1, "jo\u00e3o de oliveira": 2, "luiz lopes": 2, "marcos andr\u00e9": 1, "santos concelos de lima": 1, "fernando ant\u00f4nio": 1, "zelma queiroz": 1, "jorge moraes": 1, "s\u00e9rgio de silva almeida": 1, "ant\u00f4nio macedo": 2, "andr\u00e9 vasconcelos de lima": 1, "alfredo cavalcante lima": 1, "napole\u00e3o lopes": 1}, "TEMPO": {" de dezembro de 2018": 1, "c/////": 1, "sexta-feira": 1, "dezembro de 2018": 1, "2000.012672/2017": 1, "07,764.631.0001/26": 1, "2000.020251/2018": 1, "26 de novembro de 2018.": 1, "1800.000959/2015": 1, "06 de dezembro de 2018": 3, "1800.000105/2016": 1, "476297.704-12": 1, "20 deoutubro de 1967": 1, "24 de outubro de ero no- 1967": 1, "27 de novembro de 2018": 1, "13 de janeiro de 2000": 1}, "LOCAL": {}, "ORGANIZACAO": {"associa\u00e7\u00e3o": 1}, "JURISPRUDENCIA": {"45000/2870/2018": 1, "processo n\u00ba 45000/2870/2018": 1, "3315.3974 / 3315.3926": 1, "1800.009282/2017": 1, "2000.024233/2017": 1, "1203.002329/2018": 1, "2000.015328/2017": 1, "20105.006620/2017": 1, "2000.022906/2016 0006701-6": 1, "277,598.814-87": 1, "ob2s885-6 |035.539.878-80|": 1, "1700.006360/2014 ferreira 0823999-1 |259.107.874-20": 1, "45000-2870/2018-carhp": 1, "1800.011232/2017": 1, "0045632-2 |509.117.754-04|": 1, "n\u00ba 133.777 794-34": 1, "2000.024116/2017": 1, "1800.013790/2017": 1, "1800.007967/2017": 1, "45000-789/2017-carhp": 1, "12.291.274 /0001-66": 1, "cnpj n\u00ba 07.764.631.0001/26": 1}, "LEGISLACAO": {"lei n\u00ba 7.397/2012": 1, "40 , sob n\u00ba 5.632": 1, "lei 6.145": 1, "n.\u00ba 45000- 2870/2018": 1}}