{"PESSOA": {" adriano": 1, "marques santos": 1, "carlos adriano": 2, "carlos abr\u00ediano": 1, "mario ferreira": 1, "ana": 1, "melo silva": 1}, "TEMPO": {"16 de dezembro de 2017": 2, "15 de dezembro": 1, "2017": 1, "1700-004813/2016-": 1, "dezembro de 2017": 1}, "LOCAL": {}, "ORGANIZACAO": {}, "JURISPRUDENCIA": {"1700.6539/2016": 1, "3.697/2017": 1, "4101-005103/2016-": 1, "4101-010588/2015-": 1, "4101-010667/2015-": 1, "4101-022270/2016- n\u00ba 34000.001111/2015": 1, "arlete monteiro de lima n\u00ba 13010.000578/2015": 1, "de oliveira n\u00ba 13010.000551/2015": 1, "jose nunes de lima n\u00ba 1800.003769/2017": 1, "silva alves n\u00ba 2600.000827/2016": 1, "margarida da silva n\u00ba 1500.018063/2016": 1, "1800.008297/2017": 1, "machado correia n\u00ba 1800.003963/2017 n\u00ba 1800.007457/2017": 1, "alex n\u00ba 1800.007010/2017": 1, "aldo magalh\u00e3es de oliveira n\u00ba 1800.007091/2017": 1, "da silva n\u00ba 1700.009413/2008 n\u00ba 1800.008158/2017": 1, "fagundes de lima silva n\u00ba 41010:003341/2017": 1, "elza nunes n\u00ba 1204.003737/2015 n\u00ba 5101.012608/2016": 1, "luiz eduardo gama n\u00ba 1700.008041/2007 n\u00ba 1101.002498/2015 n\u00ba 1500.006094/2004 n\u00ba 52555:001880/2015": 1, "n\u00ba,20105.004895/2015": 1, "jos\u00e9 roney n\u00ba 1700.007939/2017": 1, "minist\u00e9rio p\u00fablico do estado de alagoas n\u00ba 4101.008305/2015 n\u00ba 5101.011694/2017 n\u00ba 4903.006903/2016": 1, "angelo martins n\u00ba 1800.004493/2017 n\u00ba 1700.008041/2007": 1, "processo n\u00ba 1700.6539/2016": 1}, "LEGISLACAO": {"57 , inciso ii , da lei federal n\u00ba 8.666/93": 1, "61 , par\u00e1grafo \u00fanico , da lei n\u00ba 8.666/93": 1, "artigo 24 do decreto n\u00ba 21.981 de 1932": 2, "artigo 884 , par\u00e1grafo \u00fanico do ep": 1, "lei n\u00ba 7,397/2012": 1, "57 , inciso 1 , da lei federal n\u00ba 8.666/93": 1, "61 , par\u00e1grafo \u00fanico , da lei n\u00ba-8.666/93": 1, "artigo 884 , par\u00e1grafo \u00fanico do cpc": 1}}