{"PESSOA": {" lopes": 1, "jos\u00e9 j\u00f3pes": 1, "lima s/n": 1, "fernandes lima s/n": 2, "pedro ivo barbosa": 2, "jose lopes cavalcanti": 1}, "TEMPO": {"2016": 2, "23 de agosto de 2016": 2, "ter\u00e7a-feira 13 de setembro de 2016": 1, "12 de setembro de 2016": 3, "3315-2304/3315-2347": 2, "01/01/2010": 1, "09 de setembro de 2016": 1, "26 de julho de 1991": 1, "04 de mar\u00e7o de 2009": 1, "09 de novembro de 2015": 1}, "LOCAL": {}, "ORGANIZACAO": {"departamento estadual de tr\u00e2nsito de alagoas": 1, "\u00e1ll": 1}, "JURISPRUDENCIA": {"250g 185 2 a\u00e7\u00facar cristal branco": 1, "280 19 saco pl\u00e1stico refor\u00e7ado p/lixo preto com 40 litros 20 20 saco pl\u00e1stico refor\u00e7ado p/lixo preto": 1, "57.052.000": 1, "57.052,000": 1, "5101.04385/2015": 1, "5101.05083/2014": 1}, "LEGISLACAO": {"57 , inciso 1l da lei n\u00ba": 1, "lei n\u00ba 7,397/2012": 1, "artigos 112 e 114 , 1l da constitui\u00e7\u00e3o do estado de alagoas , da lei 5.247": 1, "on n\u00ba 02": 1, "lei 7.751": 1}}